GER OBL,Schonnebeck vs Union Nettetal,Over 2.5,N/A,15:00,,2024-03-10,,N/A,zydworjx197440191,venasbet_o_2_5
GER OBL,Buderich vs Hilden,Over 2.5,N/A,15:30,,2024-03-10,,N/A,xhtiwlrn241182844,venasbet_o_2_5
GER OBL,Finnentrop/Bamenohl vs Preussen Munster 2,Over 2.5,N/A,15:30,,2024-03-10,,N/A,abymkdyw202798614,venasbet_o_2_5
AUSLIA,Olympic FC vs Queensland Lions,Over 2.5,N/A,07:30,,2024-03-10,,N/A,hoznvqit34194199,venasbet_o_2_5
NED,Nijmegen vs Heerenveen,Over 2.5,N/A,16:45,,2024-03-10,,N/A,fifjmnlu92672823,venasbet_o_2_5
GER,Bochum vs Freiburg,Over 2.5,N/A,15:30,,2024-03-10,,N/A,yzsogdfx258391532,venasbet_o_2_5
FRA,Lille vs Rennes,Over 2.5,N/A,17:05,,2024-03-10,,N/A,ttqzvfkw102101382,venasbet_o_2_5
EPL,Liverpool vs Manchester City,Over 2.5,N/A,16:45,,2024-03-10,,N/A,ooywfrmq240095606,venasbet_o_2_5
EPL,Aston Villa vs Tottenham,Over 2.5,N/A,14:00,,2024-03-10,,N/A,elrmujfo99715551,venasbet_o_2_5
GER,Werder Bremen vs Dortmund,Over 2.5,N/A,N/A,1:2,2024-03-09,,...,ctvzlimo79638149,venasbet_o_2_5
EPL,Manchester Utd vs Everton,Over 2.5,N/A,N/A,2:0,2024-03-09,,...,erzgnuxr225210188,venasbet_o_2_5
GER OBL,Stadtallendorf vs Friedberg,Over 2.5,N/A,N/A,0:2,2024-03-09,,...,cdkkxjfc28670323,venasbet_o_2_5
GER OBL,Pfeddersheim vs Auersmacher,Over 2.5,N/A,N/A,1:2,2024-03-09,,...,beraxzle131514535,venasbet_o_2_5
GER OBL,Gebenbach vs Hankofen-Hailing,Over 2.5,N/A,N/A,1:3,2024-03-09,,...,lplhkcst118289485,venasbet_o_2_5
GER,Kirchanschoring vs Heimstetten,Over 2.5,N/A,N/A,0:3,2024-03-09,,...,rnuwuugn273099518,venasbet_o_2_5
GER,Augsburg vs Heidenheim,Over 2.5,N/A,N/A,1:0,2024-03-09,,...,gjhaskyg282467804,venasbet_o_2_5
