Europe: Europa League - Qualification,Zrinjski vs Breidablik,HOME DC,1.79,18:00 GMT,Not Yet,07-08-2025,,Not Yet,mbsbzpdz199955903,vip_tips
Europe: Europa League - Qualification,Zrinjski vs Breidablik,HOME DC,1.79,18:00 GMT,Not Yet,07-08-2025,,Not Yet,mbsbzpdz199955903,vip_tips
Europe: Europa League - Qualification,Zrinjski vs Breidablik,HOME DC,1.79,18:00 GMT,Not Yet,07-08-2025,,Not Yet,mbsbzpdz199955903,vip_tips
Lithuania: A Lyga,Zalgiris vs Suduva,HOME DC,2.25,16:00 GMT,Not Yet,07-08-2025,,Not Yet,comfvdeq68732058,vip_tips
Europe: Europa League - Qualification,PAOK vs Wolfsberger AC,HOME DC,1.77,17:30 GMT,Not Yet,07-08-2025,,Not Yet,qeoiffpg64609420,vip_tips
Europe: Europa League - Qualification,PAOK vs Wolfsberger AC,HOME DC,1.77,17:30 GMT,Not Yet,07-08-2025,,Not Yet,qeoiffpg64609420,vip_tips
Europe: Conference League - Qualification,Lausanne vs FC Astana,HOME DC,1.65,18:15 GMT,Not Yet,07-08-2025,,Not Yet,lfxzzvlz52734332,vip_tips
India: Calcutta Premier Division,Sribhumi vs United Kolkata,AWAY DC,1.73,09:30 GMT,Not Yet,07-08-2025,,Not Yet,iuguoyqe270633025,vip_tips
Europe: Conference League - Qualification,Levski Sofia vs Sabah Baku,HOME DC,1.82,18:00 GMT,Not Yet,07-08-2025,,Not Yet,oumdiidr111949073,vip_tips
Europe: Conference League - Qualification,Lugano vs Celje,HOME DC,1.86,18:30 GMT,Not Yet,07-08-2025,,Not Yet,qrkqpzvr185115741,vip_tips
Europe: Europa League - Qualification,CFR Cluj vs Braga,AWAY DC,1.99,16:30 GMT,Not Yet,07-08-2025,,Not Yet,nlvxfaqg211264333,vip_tips
Europe: Europa League - Qualification,Fredrikstad vs Midtjylland,AWAY DC,2.03,16:00 GMT,Not Yet,07-08-2025,,Not Yet,fjoexyis197978193,vip_tips
Europe: Conference League - Qualification,Kauno Zalgiris vs Arda,HOME DC,2.11,16:00 GMT,Not Yet,07-08-2025,,Not Yet,lpggtfru200024149,vip_tips
Europe: Conference League - Qualification,Kauno Zalgiris vs Arda,HOME DC,2.11,16:00 GMT,Not Yet,07-08-2025,,Not Yet,lpggtfru200024149,vip_tips
Europe: Conference League - Qualification,AIK vs Gyor,HOME DC,1.84,17:00 GMT,Not Yet,07-08-2025,,Not Yet,lqiqbogw167418162,vip_tips
